{
  "images" : [
    {
      "resizing" : {
        "mode" : "9-part",
        "center" : {
          "mode" : "fill",
          "width" : 1,
          "height" : 1
        },
        "capInsets" : {
          "bottom" : 18,
          "top" : 17,
          "right" : 20,
          "left" : 18
        }
      },
      "idiom" : "universal",
      "filename" : "TopCommentBorderDay.png",
      "scale" : "1x"
    },
    {
      "resizing" : {
        "mode" : "9-part",
        "center" : {
          "mode" : "fill",
          "width" : 1,
          "height" : 1
        },
        "capInsets" : {
          "bottom" : 18,
          "top" : 17,
          "right" : 20,
          "left" : 17
        }
      },
      "idiom" : "universal",
      "filename" : "TopCommentBorderDay@2x.png",
      "scale" : "2x"
    },
    {
      "resizing" : {
        "mode" : "9-part",
        "center" : {
          "mode" : "fill",
          "width" : 1,
          "height" : 2
        },
        "capInsets" : {
          "bottom" : 36,
          "top" : 34,
          "right" : 38,
          "left" : 37
        }
      },
      "idiom" : "universal",
      "filename" : "TopCommentBorderDay@3x.png",
      "scale" : "3x"
    }
  ],
  "info" : {
    "version" : 1,
    "author" : "xcode"
  }
}